<?xml version="1.0" encoding="UTF-8"?>
<GenRun Id="synth_1" LaunchPart="xc7a35ticpg236-1L" LaunchTime="1770006523" LaunchIncrCheckpoint="$PSRCDIR/utils_1/imports/synth_1/singe_response_PUF.dcp">
  <File Type="RDS-DCP" Name="singe_response_PUF.dcp"/>
  <File Type="RDS-RDS" Name="singe_response_PUF.vds"/>
  <File Type="REPORTS-TCL" Name="singe_response_PUF_reports.tcl"/>
  <File Type="PA-TCL" Name="singe_response_PUF.tcl"/>
  <File Type="RDS-UTIL" Name="single_response_PUF_utilization_synth.rpt"/>
  <File Type="RDS-UTIL-PB" Name="single_response_PUF_utilization_synth.pb"/>
  <FileSet Name="sources" Type="DesignSrcs" RelSrcDir="$PSRCDIR/sources_1" RelGenDir="$PGENDIR/sources_1">
    <Filter Type="Srcs"/>
    <File Path="$PSRCDIR/sources_1/new/counter.sv">
      <FileInfo>
        <Attr Name="UsedIn" Val="synthesis"/>
        <Attr Name="UsedIn" Val="implementation"/>
        <Attr Name="UsedIn" Val="simulation"/>
      </FileInfo>
    </File>
    <File Path="$PSRCDIR/sources_1/imports/rtl/puf_cro.sv">
      <FileInfo>
        <Attr Name="ImportPath" Val="$PPRDIR/../../../../Desktop/architect/PUF/rtl/puf_cro.sv"/>
        <Attr Name="ImportTime" Val="1769906632"/>
        <Attr Name="UsedIn" Val="synthesis"/>
        <Attr Name="UsedIn" Val="implementation"/>
        <Attr Name="UsedIn" Val="simulation"/>
      </FileInfo>
    </File>
    <File Path="$PSRCDIR/sources_1/imports/rtl/puf_slice.sv">
      <FileInfo>
        <Attr Name="ImportPath" Val="$PPRDIR/../../../../Desktop/architect/PUF/rtl/puf_slice.sv"/>
        <Attr Name="ImportTime" Val="1769906632"/>
        <Attr Name="UsedIn" Val="synthesis"/>
        <Attr Name="UsedIn" Val="implementation"/>
        <Attr Name="UsedIn" Val="simulation"/>
      </FileInfo>
    </File>
    <File Path="$PSRCDIR/sources_1/imports/rtl/puf_slice_en.sv">
      <FileInfo>
        <Attr Name="ImportPath" Val="$PPRDIR/../../../../Desktop/architect/PUF/rtl/puf_slice_en.sv"/>
        <Attr Name="ImportTime" Val="1769906632"/>
        <Attr Name="UsedIn" Val="synthesis"/>
        <Attr Name="UsedIn" Val="implementation"/>
        <Attr Name="UsedIn" Val="simulation"/>
      </FileInfo>
    </File>
    <File Path="$PPRDIR/../../../../Desktop/single_response_PUF/single_response_PUF/single_response_PUF.srcs/sources_1/new/singe_response_PUF.sv">
      <FileInfo>
        <Attr Name="UsedIn" Val="synthesis"/>
        <Attr Name="UsedIn" Val="implementation"/>
        <Attr Name="UsedIn" Val="simulation"/>
      </FileInfo>
    </File>
    <File Path="$PSRCDIR/sources_1/imports/rtl/led_circuit.sv">
      <FileInfo>
        <Attr Name="AutoDisabled" Val="1"/>
        <Attr Name="ImportPath" Val="$PPRDIR/../../../../Desktop/architect/PUF/rtl/led_circuit.sv"/>
        <Attr Name="ImportTime" Val="1769906632"/>
        <Attr Name="UsedIn" Val="synthesis"/>
        <Attr Name="UsedIn" Val="implementation"/>
        <Attr Name="UsedIn" Val="simulation"/>
      </FileInfo>
    </File>
    <File Path="$PSRCDIR/sources_1/imports/rtl/led_circuit_test.sv">
      <FileInfo>
        <Attr Name="AutoDisabled" Val="1"/>
        <Attr Name="ImportPath" Val="$PPRDIR/../../../../Desktop/architect/PUF/rtl/led_circuit_test.sv"/>
        <Attr Name="ImportTime" Val="1769906632"/>
        <Attr Name="UsedIn" Val="synthesis"/>
        <Attr Name="UsedIn" Val="implementation"/>
        <Attr Name="UsedIn" Val="simulation"/>
      </FileInfo>
    </File>
    <Config>
      <Option Name="DesignMode" Val="RTL"/>
      <Option Name="TopModule" Val="singe_response_PUF"/>
    </Config>
  </FileSet>
  <FileSet Name="constrs_in" Type="Constrs" RelSrcDir="$PSRCDIR/constrs_1" RelGenDir="$PGENDIR/constrs_1">
    <Filter Type="Constrs"/>
    <File Path="$PSRCDIR/constrs_1/imports/xdc/basys3.xdc">
      <FileInfo>
        <Attr Name="ImportPath" Val="$PPRDIR/../../../../Desktop/architect/PUF/xdc/basys3.xdc"/>
        <Attr Name="ImportTime" Val="1769906632"/>
        <Attr Name="UsedIn" Val="synthesis"/>
        <Attr Name="UsedIn" Val="implementation"/>
      </FileInfo>
    </File>
    <Config>
      <Option Name="ConstrsType" Val="XDC"/>
    </Config>
  </FileSet>
  <FileSet Name="utils" Type="Utils" RelSrcDir="$PSRCDIR/utils_1" RelGenDir="$PGENDIR/utils_1">
    <Filter Type="Utils"/>
    <File Path="$PSRCDIR/utils_1/imports/synth_1/singe_response_PUF.dcp">
      <FileInfo>
        <Attr Name="UsedIn" Val="synthesis"/>
        <Attr Name="UsedIn" Val="implementation"/>
        <Attr Name="UsedInSteps" Val="synth_1"/>
        <Attr Name="AutoDcp" Val="1"/>
      </FileInfo>
    </File>
    <Config>
      <Option Name="TopAutoSet" Val="TRUE"/>
    </Config>
  </FileSet>
  <Strategy Version="1" Minor="2">
    <StratHandle Name="Vivado Synthesis Defaults" Flow="Vivado Synthesis 2025"/>
    <Step Id="synth_design"/>
  </Strategy>
</GenRun>
