<?xml version="1.0" encoding="UTF-8"?>
<GenRun Id="impl_1" LaunchPart="xc7a35ticpg236-1L" LaunchTime="1770150948">
  <File Type="REPORTS-TCL" Name="eight_bit_response_PUF_reports.tcl"/>
  <File Type="ROUTE-PWR-SUM" Name="eight_bit_response_PUF_power_summary_routed.pb"/>
  <File Type="BITSTR-MMI" Name="eight_bit_response_PUF.mmi"/>
  <File Type="OPT-DRC" Name="eight_bit_response_PUF_drc_opted.rpt"/>
  <File Type="BG-DRC" Name="eight_bit_response_PUF.drc"/>
  <File Type="ROUTE-STATUS-PB" Name="eight_bit_response_PUF_route_status.pb"/>
  <File Type="BG-BGN" Name="eight_bit_response_PUF.bgn"/>
  <File Type="PLACE-UTIL" Name="eight_bit_response_PUF_utilization_placed.rpt"/>
  <File Type="PLACE-UTIL-PB" Name="eight_bit_response_PUF_utilization_placed.pb"/>
  <File Type="PLACE-IO" Name="eight_bit_response_PUF_io_placed.rpt"/>
  <File Type="BG-BIN" Name="eight_bit_response_PUF.bin"/>
  <File Type="PLACE-CTRL" Name="eight_bit_response_PUF_control_sets_placed.rpt"/>
  <File Type="ROUTE-PWR-RPX" Name="eight_bit_response_PUF_power_routed.rpx"/>
  <File Type="BITSTR-MSK" Name="eight_bit_response_PUF.msk"/>
  <File Type="BITSTR-RBT" Name="eight_bit_response_PUF.rbt"/>
  <File Type="ROUTE-TIMINGSUMMARY" Name="eight_bit_response_PUF_timing_summary_routed.rpt"/>
  <File Type="ROUTE-TIMING-RPX" Name="eight_bit_response_PUF_timing_summary_routed.rpx"/>
  <File Type="ROUTE-STATUS" Name="eight_bit_response_PUF_route_status.rpt"/>
  <File Type="PA-TCL" Name="eight_bit_response_PUF.tcl"/>
  <File Type="ROUTE-PWR" Name="eight_bit_response_PUF_power_routed.rpt"/>
  <File Type="ROUTE-DRC" Name="eight_bit_response_PUF_drc_routed.rpt"/>
  <File Type="ROUTE-DRC-RPX" Name="eight_bit_response_PUF_drc_routed.rpx"/>
  <File Type="ROUTE-DRC-PB" Name="eight_bit_response_PUF_drc_routed.pb"/>
  <File Type="BITSTR-SYSDEF" Name="eight_bit_response_PUF.sysdef"/>
  <File Type="ROUTE-METHODOLOGY-DRC" Name="eight_bit_response_PUF_methodology_drc_routed.rpt"/>
  <File Type="ROUTE-METHODOLOGY-DRC-RPX" Name="eight_bit_response_PUF_methodology_drc_routed.rpx"/>
  <File Type="BITSTR-LTX" Name="debug_nets.ltx"/>
  <File Type="BITSTR-LTX" Name="eight_bit_response_PUF.ltx"/>
  <File Type="ROUTE-METHODOLOGY-DRC-PB" Name="eight_bit_response_PUF_methodology_drc_routed.pb"/>
  <File Type="ROUTE-SIMILARITY" Name="eight_bit_response_PUF_incremental_reuse_routed.rpt"/>
  <File Type="RDI-RDI" Name="eight_bit_response_PUF.vdi"/>
  <File Type="ROUTE-CLK" Name="eight_bit_response_PUF_clock_utilization_routed.rpt"/>
  <File Type="ROUTE-BUS-SKEW" Name="eight_bit_response_PUF_bus_skew_routed.rpt"/>
  <File Type="ROUTE-BUS-SKEW-RPX" Name="eight_bit_response_PUF_bus_skew_routed.rpx"/>
  <File Type="ROUTE-BUS-SKEW-PB" Name="eight_bit_response_PUF_bus_skew_routed.pb"/>
  <File Type="POSTROUTE-PHYSOPT-TIMING" Name="eight_bit_response_PUF_timing_summary_postroute_physopted.rpt"/>
  <File Type="POSTROUTE-PHYSOPT-TIMING-RPX" Name="eight_bit_response_PUF_timing_summary_postroute_physopted.rpx"/>
  <File Type="POSTROUTE-PHYSOPT-TIMING-PB" Name="eight_bit_response_PUF_timing_summary_postroute_physopted.pb"/>
  <File Type="POSTROUTE-PHYSOPT-BUS-SKEW" Name="eight_bit_response_PUF_bus_skew_postroute_physopted.rpt"/>
  <File Type="POSTROUTE-PHYSOPT-BUS-SKEW-RPX" Name="eight_bit_response_PUF_bus_skew_postroute_physopted.rpx"/>
  <File Type="BG-BIT" Name="eight_bit_response_PUF.bit"/>
  <File Type="POSTROUTE-PHYSOPT-BUS-SKEW-PB" Name="eight_bit_response_PUF_bus_skew_postroute_physopted.pb"/>
  <File Type="BITSTR-NKY" Name="eight_bit_response_PUF.nky"/>
  <File Type="BITSTR-BMM" Name="eight_bit_response_PUF_bd.bmm"/>
  <File Type="WBT-USG" Name="usage_statistics_webtalk.html"/>
  <File Type="OPT-HWDEF" Name="eight_bit_response_PUF.hwdef"/>
  <File Type="PLACE-PRE-SIMILARITY" Name="eight_bit_response_PUF_incremental_reuse_pre_placed.rpt"/>
  <File Type="ROUTE-DCP" Name="eight_bit_response_PUF_routed.dcp"/>
  <File Type="ROUTE-ERROR-DCP" Name="eight_bit_response_PUF_routed_error.dcp"/>
  <File Type="ROUTE-BLACKBOX-DCP" Name="eight_bit_response_PUF_routed_bb.dcp"/>
  <File Type="ROUTE-TIMING-PB" Name="eight_bit_response_PUF_timing_summary_routed.pb"/>
  <File Type="OPT-DCP" Name="eight_bit_response_PUF_opt.dcp"/>
  <File Type="PLACE-DCP" Name="eight_bit_response_PUF_placed.dcp"/>
  <File Type="PWROPT-DCP" Name="eight_bit_response_PUF_pwropt.dcp"/>
  <File Type="POSTPLACE-PWROPT-DCP" Name="eight_bit_response_PUF_postplace_pwropt.dcp"/>
  <File Type="PHYSOPT-DCP" Name="eight_bit_response_PUF_physopt.dcp"/>
  <File Type="POSTROUTE-PHYSOPT-DCP" Name="eight_bit_response_PUF_postroute_physopt.dcp"/>
  <File Type="POSTROUTE-PHYSOPT-BLACKBOX-DCP" Name="eight_bit_response_PUF_postroute_physopt_bb.dcp"/>
  <File Type="PDI-FILE" Name="eight_bit_response_PUF.pdi"/>
  <File Type="BOOT-PDI-FILE" Name="eight_bit_response_PUF_boot.pdi"/>
  <File Type="PL-PDI-FILE" Name="eight_bit_response_PUF_pld.pdi"/>
  <File Type="RCFI_FILE" Name="eight_bit_response_PUF.rcfi"/>
  <File Type="CFI_FILE" Name="eight_bit_response_PUF.cfi"/>
  <File Type="RNPI_FILE" Name="eight_bit_response_PUF.rnpi"/>
  <File Type="NPI_FILE" Name="eight_bit_response_PUF.npi"/>
  <File Type="RBD_FILE" Name="eight_bit_response_PUF.rbd"/>
  <File Type="ROUTE-RQS" Name="eight_bit_response_PUF_routed.rqs"/>
  <File Type="POSTROUTE-PHYSOPT-RQS" Name="eight_bit_response_PUF_postroute_physopted.rqs"/>
  <File Type="ROUTE-RQS-RPT" Name="route_report_qor_suggestions_0.rpt"/>
  <File Type="POSTROUTE-PHYSOPT-RQS-RPT" Name="postroute_physopt_report_qor_suggestions_0.rpt"/>
  <File Type="MMI-FILE" Name="eight_bit_response_PUF.mmi"/>
  <File Type="BIF-FILE" Name="eight_bit_response_PUF.bif"/>
  <File Type="BOOT-BIF-FILE" Name="eight_bit_response_PUF_boot.bif"/>
  <File Type="PL-BIF-FILE" Name="eight_bit_response_PUF_pld.bif"/>
  <File Type="LTX-FILE" Name="eight_bit_response_PUF.ltx"/>
  <File Type="BOOT-LTX-FILE" Name="eight_bit_response_PUF_boot.ltx"/>
  <File Type="PL-LTX-FILE" Name="eight_bit_response_PUF_pld.ltx"/>
  <File Type="RCDO-FILE" Name="eight_bit_response_PUF.rcdo"/>
  <File Type="MARKER-RCDO-FILE" Name="eight_bit_response_PUF_markers.rcdo"/>
  <File Type="PL-RCDO-FILE" Name="eight_bit_response_PUF_pld.rcdo"/>
  <File Type="MARKER-RNPI-FILE" Name="eight_bit_response_PUF_markers.rnpi"/>
  <File Type="BOOT_RNPI_FILE" Name="eight_bit_response_PUF_boot.rnpi"/>
  <File Type="PL_RNPI_FILE" Name="eight_bit_response_PUF_pld.rnpi"/>
  <File Type="BOOT_MARKER_RNPI_FILE" Name="eight_bit_response_PUF_boot_markers.rnpi"/>
  <File Type="PL_MARKER_RNPI_FILE" Name="eight_bit_response_PUF_pld_markers.rnpi"/>
  <File Type="PL_MASK_RNPI_FILE" Name="eight_bit_response_PUF_pld_mask.rnpi"/>
  <File Type="PL_SHUTDOWN_RNPI_FILE" Name="eight_bit_response_PUF_pld_shutdown.rnpi"/>
  <File Type="PL_UNMASK_RNPI_FILE" Name="eight_bit_response_PUF_pld_unmask.rnpi"/>
  <File Type="PL-CLEAR-RCDO-FILE" Name="eight_bit_response_PUF_pld_clear.rcdo"/>
  <File Type="PL_MARKER_RCDO_FILE" Name="eight_bit_response_PUF_pld_markers.rcdo"/>
  <File Type="PL_MASK_RCDO_FILE" Name="eight_bit_response_PUF_pld_mask.rcdo"/>
  <File Type="PL_UNMASK_MARKER_RCDO_FILE" Name="eight_bit_response_PUF_pld_unmask_markers.rcdo"/>
  <File Type="PL_UNMASK_RCDO_FILE" Name="eight_bit_response_PUF_pld_unmask.rcdo"/>
  <FileSet Name="sources" Type="DesignSrcs" RelSrcDir="$PSRCDIR/sources_1" RelGenDir="$PGENDIR/sources_1">
    <Filter Type="Srcs"/>
    <File Path="$PSRCDIR/sources_1/imports/sources_1/new/counter.sv">
      <FileInfo>
        <Attr Name="ImportPath" Val="$PPRDIR/../../../../../Desktop/single_response_PUF.xpr/single_response_PUF/single_response_PUF.srcs/sources_1/new/counter.sv"/>
        <Attr Name="ImportTime" Val="1770051944"/>
        <Attr Name="UsedIn" Val="synthesis"/>
        <Attr Name="UsedIn" Val="implementation"/>
        <Attr Name="UsedIn" Val="simulation"/>
      </FileInfo>
    </File>
    <File Path="$PSRCDIR/sources_1/imports/sources_1/imports/rtl/puf_cro.sv">
      <FileInfo>
        <Attr Name="ImportPath" Val="$PPRDIR/../../../../../Desktop/single_response_PUF.xpr/single_response_PUF/single_response_PUF.srcs/sources_1/imports/rtl/puf_cro.sv"/>
        <Attr Name="ImportTime" Val="1770051944"/>
        <Attr Name="UsedIn" Val="synthesis"/>
        <Attr Name="UsedIn" Val="implementation"/>
        <Attr Name="UsedIn" Val="simulation"/>
      </FileInfo>
    </File>
    <File Path="$PSRCDIR/sources_1/imports/sources_1/imports/rtl/puf_slice.sv">
      <FileInfo>
        <Attr Name="ImportPath" Val="$PPRDIR/../../../../../Desktop/single_response_PUF.xpr/single_response_PUF/single_response_PUF.srcs/sources_1/imports/rtl/puf_slice.sv"/>
        <Attr Name="ImportTime" Val="1770051944"/>
        <Attr Name="UsedIn" Val="synthesis"/>
        <Attr Name="UsedIn" Val="implementation"/>
        <Attr Name="UsedIn" Val="simulation"/>
      </FileInfo>
    </File>
    <File Path="$PSRCDIR/sources_1/imports/sources_1/imports/rtl/puf_slice_en.sv">
      <FileInfo>
        <Attr Name="ImportPath" Val="$PPRDIR/../../../../../Desktop/single_response_PUF.xpr/single_response_PUF/single_response_PUF.srcs/sources_1/imports/rtl/puf_slice_en.sv"/>
        <Attr Name="ImportTime" Val="1770051944"/>
        <Attr Name="UsedIn" Val="synthesis"/>
        <Attr Name="UsedIn" Val="implementation"/>
        <Attr Name="UsedIn" Val="simulation"/>
      </FileInfo>
    </File>
    <File Path="$PSRCDIR/sources_1/imports/Lab1_Provided_Code/sseg_des.vhd">
      <FileInfo>
        <Attr Name="ImportPath" Val="$PPRDIR/../../../../../Desktop/PUF/Lab1_Provided_Code/sseg_des.vhd"/>
        <Attr Name="ImportTime" Val="1770149452"/>
        <Attr Name="UsedIn" Val="synthesis"/>
        <Attr Name="UsedIn" Val="simulation"/>
      </FileInfo>
    </File>
    <File Path="$PSRCDIR/sources_1/new/eight_bit_response_PUF.sv">
      <FileInfo>
        <Attr Name="UsedIn" Val="synthesis"/>
        <Attr Name="UsedIn" Val="implementation"/>
        <Attr Name="UsedIn" Val="simulation"/>
      </FileInfo>
    </File>
    <Config>
      <Option Name="DesignMode" Val="RTL"/>
      <Option Name="TopModule" Val="eight_bit_response_PUF"/>
    </Config>
  </FileSet>
  <FileSet Name="constrs_in" Type="Constrs" RelSrcDir="$PSRCDIR/constrs_1" RelGenDir="$PGENDIR/constrs_1">
    <Filter Type="Constrs"/>
    <File Path="$PSRCDIR/constrs_1/imports/xdc/basys3.xdc">
      <FileInfo>
        <Attr Name="ImportPath" Val="$PPRDIR/../../../../../Desktop/single_response_PUF.xpr/single_response_PUF/single_response_PUF.srcs/constrs_1/imports/xdc/basys3.xdc"/>
        <Attr Name="ImportTime" Val="1770051944"/>
        <Attr Name="UsedIn" Val="synthesis"/>
        <Attr Name="UsedIn" Val="implementation"/>
      </FileInfo>
    </File>
    <Config>
      <Option Name="ConstrsType" Val="XDC"/>
    </Config>
  </FileSet>
  <FileSet Name="utils" Type="Utils" RelSrcDir="$PSRCDIR/utils_1" RelGenDir="$PGENDIR/utils_1">
    <Filter Type="Utils"/>
    <File Path="$PSRCDIR/utils_1/imports/synth_1/eight_bit_response_PUF.dcp">
      <FileInfo>
        <Attr Name="UsedIn" Val="synthesis"/>
        <Attr Name="UsedIn" Val="implementation"/>
        <Attr Name="UsedInSteps" Val="synth_1"/>
        <Attr Name="AutoDcp" Val="1"/>
      </FileInfo>
    </File>
    <Config>
      <Option Name="TopAutoSet" Val="TRUE"/>
    </Config>
  </FileSet>
  <Strategy Version="1" Minor="2">
    <StratHandle Name="Vivado Implementation Defaults" Flow="Vivado Implementation 2025"/>
    <Step Id="init_design"/>
    <Step Id="opt_design"/>
    <Step Id="power_opt_design"/>
    <Step Id="place_design"/>
    <Step Id="post_place_power_opt_design"/>
    <Step Id="phys_opt_design"/>
    <Step Id="route_design"/>
    <Step Id="post_route_phys_opt_design"/>
    <Step Id="write_bitstream"/>
    <Step Id="write_device_image"/>
  </Strategy>
</GenRun>
