<?xml version="1.0" encoding="UTF-8"?>
<GenRun Id="impl_1" LaunchPart="xc7a35ticpg236-1L" LaunchTime="1769892155">
  <File Type="REPORTS-TCL" Name="led_circuit_reports.tcl"/>
  <File Type="ROUTE-PWR-SUM" Name="led_circuit_power_summary_routed.pb"/>
  <File Type="BITSTR-MMI" Name="led_circuit.mmi"/>
  <File Type="OPT-DRC" Name="led_circuit_drc_opted.rpt"/>
  <File Type="BG-DRC" Name="led_circuit.drc"/>
  <File Type="ROUTE-STATUS-PB" Name="led_circuit_route_status.pb"/>
  <File Type="BG-BGN" Name="led_circuit.bgn"/>
  <File Type="PLACE-UTIL" Name="led_circuit_utilization_placed.rpt"/>
  <File Type="PLACE-UTIL-PB" Name="led_circuit_utilization_placed.pb"/>
  <File Type="PLACE-IO" Name="led_circuit_io_placed.rpt"/>
  <File Type="BG-BIN" Name="led_circuit.bin"/>
  <File Type="PLACE-CTRL" Name="led_circuit_control_sets_placed.rpt"/>
  <File Type="ROUTE-PWR-RPX" Name="led_circuit_power_routed.rpx"/>
  <File Type="BITSTR-MSK" Name="led_circuit.msk"/>
  <File Type="BITSTR-RBT" Name="led_circuit.rbt"/>
  <File Type="ROUTE-TIMINGSUMMARY" Name="led_circuit_timing_summary_routed.rpt"/>
  <File Type="ROUTE-TIMING-RPX" Name="led_circuit_timing_summary_routed.rpx"/>
  <File Type="ROUTE-STATUS" Name="led_circuit_route_status.rpt"/>
  <File Type="PA-TCL" Name="led_circuit.tcl"/>
  <File Type="ROUTE-PWR" Name="led_circuit_power_routed.rpt"/>
  <File Type="ROUTE-DRC" Name="led_circuit_drc_routed.rpt"/>
  <File Type="ROUTE-DRC-RPX" Name="led_circuit_drc_routed.rpx"/>
  <File Type="ROUTE-DRC-PB" Name="led_circuit_drc_routed.pb"/>
  <File Type="BITSTR-SYSDEF" Name="led_circuit.sysdef"/>
  <File Type="ROUTE-METHODOLOGY-DRC" Name="led_circuit_methodology_drc_routed.rpt"/>
  <File Type="ROUTE-METHODOLOGY-DRC-RPX" Name="led_circuit_methodology_drc_routed.rpx"/>
  <File Type="BITSTR-LTX" Name="debug_nets.ltx"/>
  <File Type="BITSTR-LTX" Name="led_circuit.ltx"/>
  <File Type="ROUTE-METHODOLOGY-DRC-PB" Name="led_circuit_methodology_drc_routed.pb"/>
  <File Type="ROUTE-SIMILARITY" Name="led_circuit_incremental_reuse_routed.rpt"/>
  <File Type="RDI-RDI" Name="led_circuit.vdi"/>
  <File Type="ROUTE-CLK" Name="led_circuit_clock_utilization_routed.rpt"/>
  <File Type="ROUTE-BUS-SKEW" Name="led_circuit_bus_skew_routed.rpt"/>
  <File Type="ROUTE-BUS-SKEW-RPX" Name="led_circuit_bus_skew_routed.rpx"/>
  <File Type="ROUTE-BUS-SKEW-PB" Name="led_circuit_bus_skew_routed.pb"/>
  <File Type="POSTROUTE-PHYSOPT-TIMING" Name="led_circuit_timing_summary_postroute_physopted.rpt"/>
  <File Type="POSTROUTE-PHYSOPT-TIMING-RPX" Name="led_circuit_timing_summary_postroute_physopted.rpx"/>
  <File Type="POSTROUTE-PHYSOPT-TIMING-PB" Name="led_circuit_timing_summary_postroute_physopted.pb"/>
  <File Type="POSTROUTE-PHYSOPT-BUS-SKEW" Name="led_circuit_bus_skew_postroute_physopted.rpt"/>
  <File Type="POSTROUTE-PHYSOPT-BUS-SKEW-RPX" Name="led_circuit_bus_skew_postroute_physopted.rpx"/>
  <File Type="BG-BIT" Name="led_circuit.bit"/>
  <File Type="POSTROUTE-PHYSOPT-BUS-SKEW-PB" Name="led_circuit_bus_skew_postroute_physopted.pb"/>
  <File Type="BITSTR-NKY" Name="led_circuit.nky"/>
  <File Type="BITSTR-BMM" Name="led_circuit_bd.bmm"/>
  <File Type="WBT-USG" Name="usage_statistics_webtalk.html"/>
  <File Type="OPT-HWDEF" Name="led_circuit.hwdef"/>
  <File Type="PLACE-PRE-SIMILARITY" Name="led_circuit_incremental_reuse_pre_placed.rpt"/>
  <File Type="ROUTE-DCP" Name="led_circuit_routed.dcp"/>
  <File Type="ROUTE-ERROR-DCP" Name="led_circuit_routed_error.dcp"/>
  <File Type="ROUTE-BLACKBOX-DCP" Name="led_circuit_routed_bb.dcp"/>
  <File Type="ROUTE-TIMING-PB" Name="led_circuit_timing_summary_routed.pb"/>
  <File Type="OPT-DCP" Name="led_circuit_opt.dcp"/>
  <File Type="PLACE-DCP" Name="led_circuit_placed.dcp"/>
  <File Type="PWROPT-DCP" Name="led_circuit_pwropt.dcp"/>
  <File Type="POSTPLACE-PWROPT-DCP" Name="led_circuit_postplace_pwropt.dcp"/>
  <File Type="PHYSOPT-DCP" Name="led_circuit_physopt.dcp"/>
  <File Type="POSTROUTE-PHYSOPT-DCP" Name="led_circuit_postroute_physopt.dcp"/>
  <File Type="POSTROUTE-PHYSOPT-BLACKBOX-DCP" Name="led_circuit_postroute_physopt_bb.dcp"/>
  <File Type="PDI-FILE" Name="led_circuit.pdi"/>
  <File Type="BOOT-PDI-FILE" Name="led_circuit_boot.pdi"/>
  <File Type="PL-PDI-FILE" Name="led_circuit_pld.pdi"/>
  <File Type="RCFI_FILE" Name="led_circuit.rcfi"/>
  <File Type="CFI_FILE" Name="led_circuit.cfi"/>
  <File Type="RNPI_FILE" Name="led_circuit.rnpi"/>
  <File Type="NPI_FILE" Name="led_circuit.npi"/>
  <File Type="RBD_FILE" Name="led_circuit.rbd"/>
  <File Type="ROUTE-RQS" Name="led_circuit_routed.rqs"/>
  <File Type="POSTROUTE-PHYSOPT-RQS" Name="led_circuit_postroute_physopted.rqs"/>
  <File Type="ROUTE-RQS-RPT" Name="route_report_qor_suggestions_0.rpt"/>
  <File Type="POSTROUTE-PHYSOPT-RQS-RPT" Name="postroute_physopt_report_qor_suggestions_0.rpt"/>
  <File Type="MMI-FILE" Name="led_circuit.mmi"/>
  <File Type="BIF-FILE" Name="led_circuit.bif"/>
  <File Type="BOOT-BIF-FILE" Name="led_circuit_boot.bif"/>
  <File Type="PL-BIF-FILE" Name="led_circuit_pld.bif"/>
  <File Type="LTX-FILE" Name="led_circuit.ltx"/>
  <File Type="BOOT-LTX-FILE" Name="led_circuit_boot.ltx"/>
  <File Type="PL-LTX-FILE" Name="led_circuit_pld.ltx"/>
  <File Type="RCDO-FILE" Name="led_circuit.rcdo"/>
  <File Type="MARKER-RCDO-FILE" Name="led_circuit_markers.rcdo"/>
  <File Type="PL-RCDO-FILE" Name="led_circuit_pld.rcdo"/>
  <File Type="MARKER-RNPI-FILE" Name="led_circuit_markers.rnpi"/>
  <File Type="BOOT_RNPI_FILE" Name="led_circuit_boot.rnpi"/>
  <File Type="PL_RNPI_FILE" Name="led_circuit_pld.rnpi"/>
  <File Type="BOOT_MARKER_RNPI_FILE" Name="led_circuit_boot_markers.rnpi"/>
  <File Type="PL_MARKER_RNPI_FILE" Name="led_circuit_pld_markers.rnpi"/>
  <File Type="PL_MASK_RNPI_FILE" Name="led_circuit_pld_mask.rnpi"/>
  <File Type="PL_SHUTDOWN_RNPI_FILE" Name="led_circuit_pld_shutdown.rnpi"/>
  <File Type="PL_UNMASK_RNPI_FILE" Name="led_circuit_pld_unmask.rnpi"/>
  <File Type="PL-CLEAR-RCDO-FILE" Name="led_circuit_pld_clear.rcdo"/>
  <File Type="PL_MARKER_RCDO_FILE" Name="led_circuit_pld_markers.rcdo"/>
  <File Type="PL_MASK_RCDO_FILE" Name="led_circuit_pld_mask.rcdo"/>
  <File Type="PL_UNMASK_MARKER_RCDO_FILE" Name="led_circuit_pld_unmask_markers.rcdo"/>
  <File Type="PL_UNMASK_RCDO_FILE" Name="led_circuit_pld_unmask.rcdo"/>
  <FileSet Name="sources" Type="DesignSrcs" RelSrcDir="$PSRCDIR/sources_1" RelGenDir="$PGENDIR/sources_1">
    <Filter Type="Srcs"/>
    <File Path="$PSRCDIR/sources_1/imports/rtl/puf_cro.sv">
      <FileInfo>
        <Attr Name="ImportPath" Val="$PPRDIR/../../../../../../../../Desktop/PUF/rtl/puf_cro.sv"/>
        <Attr Name="ImportTime" Val="1769809328"/>
        <Attr Name="UsedIn" Val="synthesis"/>
        <Attr Name="UsedIn" Val="implementation"/>
        <Attr Name="UsedIn" Val="simulation"/>
      </FileInfo>
    </File>
    <File Path="$PSRCDIR/sources_1/imports/rtl/puf_slice.sv">
      <FileInfo>
        <Attr Name="ImportPath" Val="$PPRDIR/../../../../../../../../Desktop/PUF/rtl/puf_slice.sv"/>
        <Attr Name="ImportTime" Val="1769809328"/>
        <Attr Name="UsedIn" Val="synthesis"/>
        <Attr Name="UsedIn" Val="implementation"/>
        <Attr Name="UsedIn" Val="simulation"/>
      </FileInfo>
    </File>
    <File Path="$PSRCDIR/sources_1/imports/rtl/puf_slice_en.sv">
      <FileInfo>
        <Attr Name="ImportPath" Val="$PPRDIR/../../../../../../../../Desktop/PUF/rtl/puf_slice_en.sv"/>
        <Attr Name="ImportTime" Val="1769809328"/>
        <Attr Name="UsedIn" Val="synthesis"/>
        <Attr Name="UsedIn" Val="implementation"/>
        <Attr Name="UsedIn" Val="simulation"/>
      </FileInfo>
    </File>
    <File Path="$PSRCDIR/sources_1/imports/rtl/led_circuit.sv">
      <FileInfo>
        <Attr Name="ImportPath" Val="$PPRDIR/../../../../../../../../Desktop/PUF/rtl/led_circuit.sv"/>
        <Attr Name="ImportTime" Val="1769811604"/>
        <Attr Name="UsedIn" Val="synthesis"/>
        <Attr Name="UsedIn" Val="implementation"/>
        <Attr Name="UsedIn" Val="simulation"/>
      </FileInfo>
    </File>
    <Config>
      <Option Name="DesignMode" Val="RTL"/>
      <Option Name="TopModule" Val="led_circuit"/>
      <Option Name="TopAutoSet" Val="TRUE"/>
    </Config>
  </FileSet>
  <FileSet Name="constrs_in" Type="Constrs" RelSrcDir="$PSRCDIR/constrs_1" RelGenDir="$PGENDIR/constrs_1">
    <Filter Type="Constrs"/>
    <File Path="$PSRCDIR/constrs_1/imports/xdc/basys3.xdc">
      <FileInfo>
        <Attr Name="ImportPath" Val="$PPRDIR/../../../../../../../../Desktop/PUF/xdc/basys3.xdc"/>
        <Attr Name="ImportTime" Val="1769809328"/>
        <Attr Name="UsedIn" Val="synthesis"/>
        <Attr Name="UsedIn" Val="implementation"/>
      </FileInfo>
    </File>
    <Config>
      <Option Name="TargetConstrsFile" Val="$PSRCDIR/constrs_1/imports/xdc/basys3.xdc"/>
      <Option Name="ConstrsType" Val="XDC"/>
    </Config>
  </FileSet>
  <FileSet Name="utils" Type="Utils" RelSrcDir="$PSRCDIR/utils_1" RelGenDir="$PGENDIR/utils_1">
    <Filter Type="Utils"/>
    <File Path="$PSRCDIR/utils_1/imports/synth_1/led_circuit.dcp">
      <FileInfo>
        <Attr Name="UsedIn" Val="synthesis"/>
        <Attr Name="UsedIn" Val="implementation"/>
        <Attr Name="UsedInSteps" Val="synth_1"/>
        <Attr Name="AutoDcp" Val="1"/>
      </FileInfo>
    </File>
    <Config>
      <Option Name="TopAutoSet" Val="TRUE"/>
    </Config>
  </FileSet>
  <Strategy Version="1" Minor="2">
    <StratHandle Name="Vivado Implementation Defaults" Flow="Vivado Implementation 2025"/>
    <Step Id="init_design"/>
    <Step Id="opt_design"/>
    <Step Id="power_opt_design"/>
    <Step Id="place_design"/>
    <Step Id="post_place_power_opt_design"/>
    <Step Id="phys_opt_design"/>
    <Step Id="route_design"/>
    <Step Id="post_route_phys_opt_design"/>
    <Step Id="write_bitstream"/>
    <Step Id="write_device_image"/>
  </Strategy>
</GenRun>
